<?xml version="1.0" encoding="UTF-8"?>
<project-private xmlns="http://www.netbeans.org/ns/project-private/1">
    <editor-bookmarks xmlns="http://www.netbeans.org/ns/editor-bookmarks/2" lastBookmarkId="0"/>
    <open-files xmlns="http://www.netbeans.org/ns/projectui-open-files/2">
        <group>
            <file>file:/C:/Users/aluno/Documents/NetBeansProjects/AtividadeAvaliativa_26_09/src/view/FrmServico.java</file>
            <file>file:/C:/Users/aluno/Documents/NetBeansProjects/AtividadeAvaliativa_26_09/src/conexao/Conexao.java</file>
            <file>file:/C:/Users/aluno/Documents/NetBeansProjects/AtividadeAvaliativa_26_09/src/model/DAO/ServicoDAO.java</file>
            <file>file:/C:/Users/aluno/Documents/NetBeansProjects/AtividadeAvaliativa_26_09/src/model/Servico.java</file>
            <file>file:/C:/Users/aluno/Documents/NetBeansProjects/AtividadeAvaliativa_26_09/src/control/ServicoControl.java</file>
        </group>
    </open-files>
</project-private>
