<?xml version="1.0" encoding="UTF-8"?>
<project-private xmlns="http://www.netbeans.org/ns/project-private/1">
    <editor-bookmarks xmlns="http://www.netbeans.org/ns/editor-bookmarks/2" lastBookmarkId="0"/>
    <open-files xmlns="http://www.netbeans.org/ns/projectui-open-files/2">
        <group>
            <file>file:/C:/Users/aluno/Documents/NetBeansProjects/ExClientProd/src/model/Produto.java</file>
            <file>file:/C:/Users/aluno/Documents/NetBeansProjects/ExClientProd/src/view/FrmCliente.java</file>
            <file>file:/C:/Users/aluno/Documents/NetBeansProjects/ExClientProd/src/view/FrmProd.java</file>
            <file>file:/C:/Users/aluno/Documents/NetBeansProjects/ExClientProd/src/view/FrmOpcao.java</file>
            <file>file:/C:/Users/aluno/Documents/NetBeansProjects/ExClientProd/src/model/DAO/ProdDAO.java</file>
            <file>file:/C:/Users/aluno/Documents/NetBeansProjects/ExClientProd/src/model/DAO/ClienteDAO.java</file>
            <file>file:/C:/Users/aluno/Documents/NetBeansProjects/ExClientProd/src/model/Cliente.java</file>
            <file>file:/C:/Users/aluno/Documents/NetBeansProjects/ExClientProd/src/control/ProdControl.java</file>
            <file>file:/C:/Users/aluno/Documents/NetBeansProjects/ExClientProd/src/control/ClienteControl.java</file>
        </group>
    </open-files>
</project-private>
